{
  "controller/App.controller.js": 1689938691123,
  "model/models.js": 1689938691119,
  "manifest.json": 1691059644435,
  "controller/View1.controller.js": 1691057255852,
  "i18n/i18n.properties": 1689938691115,
  "Component.js": 1691055172420,
  "Component-preload.js": 1691059645478,
  "controller/App-dbg.controller.js": 1689938691123,
  "controller/View1-dbg.controller.js": 1691057255852,
  "model/models-dbg.js": 1689938691119,
  "Component-dbg.js": 1691055172420,
  "view/downloadtem.fragment.xml": 1691054377712,
  "view/createorder.fragment.xml": 1690186831701,
  "view/create.fragment.xml": 1690194191115,
  "view/View1.view.xml": 1690985760496,
  "view/SelectUniq.fragment.xml": 1690178372060,
  "view/SelectProd.fragment.xml": 1690176266373,
  "view/App.view.xml": 1689938691127,
  "css/style.css": 1690267787874,
  "index.html": 1691056588550
}