{
  "Component.js": 1691472683770,
  "i18n/i18n.properties": 1691472683770,
  "model/models.js": 1691472683770,
  "controller/View1.controller.js": 1691472683770,
  "controller/App.controller.js": 1691472683770,
  "manifest.json": 1691473274347,
  "Component-preload.js": 1691473274573,
  "controller/View1-dbg.controller.js": 1691472683770,
  "model/models-dbg.js": 1691472683770,
  "controller/App-dbg.controller.js": 1691472683770,
  "Component-dbg.js": 1691472683770,
  "view/downloadtem.fragment.xml": 1691472683770,
  "view/createorder.fragment.xml": 1691472683770,
  "view/create.fragment.xml": 1691472683770,
  "view/View1.view.xml": 1691472683770,
  "view/SelectUniq.fragment.xml": 1691472683770,
  "view/SelectProd.fragment.xml": 1691472683770,
  "view/App.view.xml": 1691472683770,
  "css/style.css": 1691472683770,
  "index.html": 1691472683770
}