{
  "Component.js": 1691472683778,
  "i18n/i18n.properties": 1691472683778,
  "model/models.js": 1691472683778,
  "controller/View3.controller.js": 1691472683778,
  "controller/View2.controller.js": 1691472683778,
  "controller/View1.controller.js": 1691472683778,
  "controller/App.controller.js": 1691472683778,
  "manifest.json": 1691473298090,
  "Component-preload.js": 1691473298249,
  "controller/View2-dbg.controller.js": 1691472683778,
  "controller/View3-dbg.controller.js": 1691472683778,
  "model/models-dbg.js": 1691472683778,
  "controller/View1-dbg.controller.js": 1691472683778,
  "controller/App-dbg.controller.js": 1691472683778,
  "Component-dbg.js": 1691472683778,
  "view/View3.view.xml": 1691472683778,
  "view/View2.view.xml": 1691472683778,
  "view/View1.view.xml": 1691472683778,
  "view/App.view.xml": 1691472683778,
  "css/style.css": 1691472683778,
  "index.html": 1691472683778
}