{
  "Component-preload.js": 1691059693039,
  "controller/View2.controller.js": 1690550530468,
  "model/models.js": 1690546328975,
  "controller/View3.controller.js": 1690547469809,
  "manifest.json": 1691059686998,
  "controller/View1.controller.js": 1690888085565,
  "controller/App.controller.js": 1690546328979,
  "Component.js": 1690547182565,
  "i18n/i18n.properties": 1690546328971,
  "controller/View2-dbg.controller.js": 1690550530468,
  "controller/View3-dbg.controller.js": 1690547469809,
  "model/models-dbg.js": 1690546328975,
  "controller/View1-dbg.controller.js": 1690888085565,
  "controller/App-dbg.controller.js": 1690546328979,
  "Component-dbg.js": 1690547182565,
  "view/View3.view.xml": 1690547415765,
  "view/View2.view.xml": 1690550253064,
  "view/View1.view.xml": 1690546547642,
  "view/App.view.xml": 1690546328983,
  "css/style.css": 1690546328979,
  "index.html": 1690546328967
}