{
  "model/models.js": 1688725339814,
  "controller/App.controller.js": 1688732748125,
  "i18n/i18n.properties": 1689937725485,
  "controller/View1.controller.js": 1691053008189,
  "controller/Detail.controller.js": 1690456584461,
  "manifest.json": 1691059620213,
  "Component.js": 1689144667296,
  "Component-preload.js": 1691059621065,
  "Component-dbg.js": 1689144667296,
  "controller/View1-dbg.controller.js": 1691053008189,
  "controller/Detail-dbg.controller.js": 1690456584461,
  "controller/App-dbg.controller.js": 1688732748125,
  "model/models-dbg.js": 1688725339814,
  "view/selection.fragment.xml": 1689157002465,
  "view/order.fragment.xml": 1689935111231,
  "view/create.fragment.xml": 1689858269377,
  "view/copy.fragment.xml": 1689853451039,
  "view/characteroptions.fragment.xml": 1691046611184,
  "view/characteristics_options.fragment.xml": 1690894772936,
  "view/View1.view.xml": 1689923936168,
  "view/Detail.view.xml": 1689843854606,
  "view/App.view.xml": 1689330162940,
  "css/style.css": 1688725339814,
  "index.html": 1689937794345
}