{
  "css/style.css": 1691472683774,
  "Component.js": 1691472683774,
  "model/models.js": 1691472683774,
  "controller/View2.controller.js": 1691472683774,
  "controller/View1.controller.js": 1691472683774,
  "controller/App.controller.js": 1691472683774,
  "manifest.json": 1691473258790,
  "Component-preload.js": 1691473259065,
  "model/models-dbg.js": 1691472683774,
  "controller/View2-dbg.controller.js": 1691472683774,
  "controller/View1-dbg.controller.js": 1691472683774,
  "controller/App-dbg.controller.js": 1691472683774,
  "Component-dbg.js": 1691472683774,
  "view/multiple.fragment.xml": 1691472683774,
  "view/create.fragment.xml": 1691472683774,
  "view/View2.view.xml": 1691472683774,
  "view/View1.view.xml": 1691472683774,
  "view/App.view.xml": 1691472683774,
  "i18n/i18n.properties": 1691472683774,
  "index.html": 1691472683774
}