{
  "controller/View2-dbg.controller.js": 1687862186102,
  "controller/View2.controller.js": 1687862186102,
  "model/models.js": 1687168219655,
  "manifest.json": 1691059602485,
  "controller/View1.controller.js": 1687874367586,
  "controller/App.controller.js": 1687168219655,
  "Component.js": 1687511931405,
  "Component-preload.js": 1691059603060,
  "i18n/i18n.properties": 1687168219651,
  "model/models-dbg.js": 1687168219655,
  "controller/View1-dbg.controller.js": 1687874367586,
  "controller/App-dbg.controller.js": 1687168219655,
  "Component-dbg.js": 1687511931405,
  "view/multiple.fragment.xml": 1687856401998,
  "view/create.fragment.xml": 1687250707649,
  "view/View2.view.xml": 1687760937501,
  "view/View1.view.xml": 1687856217101,
  "view/App.view.xml": 1687168219659,
  "css/style.css": 1689168120997,
  "index.html": 1687168219651
}