{
  "view/View1.view.xml": 1691472683778,
  "model/models.js": 1691472683778,
  "manifest.json": 1691473266985,
  "controller/View1.controller.js": 1691472683778,
  "controller/Detail.controller.js": 1691472683778,
  "controller/App.controller.js": 1691472683778,
  "Component.js": 1691472683778,
  "Component-preload.js": 1691473267326,
  "controller/App-dbg.controller.js": 1691472683778,
  "controller/View1-dbg.controller.js": 1691472683778,
  "controller/Detail-dbg.controller.js": 1691472683778,
  "model/models-dbg.js": 1691472683778,
  "Component-dbg.js": 1691472683778,
  "view/selection.fragment.xml": 1691472683778,
  "view/order.fragment.xml": 1691472683778,
  "view/create.fragment.xml": 1691472683778,
  "view/copy.fragment.xml": 1691472683778,
  "view/characteroptions.fragment.xml": 1691472683778,
  "view/characteristics_options.fragment.xml": 1691472683778,
  "i18n/i18n.properties": 1691472683778,
  "view/Detail.view.xml": 1691472683778,
  "view/App.view.xml": 1691472683778,
  "css/style.css": 1691472683778,
  "index.html": 1691472683778
}